{
  "timestamp": "2025-12-12T10:37:24.441824",
  "config": {
    "samples_per_category": 5,
    "cache_enabled": true
  },
  "latency_results": {
    "simple": {
      "category": "simple",
      "total_queries": 5,
      "latencies_ms": [
        1055.9277920000004,
        550.3900419999983,
        233.59045800000013,
        216.45033299999915,
        756.4826250000003
      ],
      "cache_hits": 0,
      "cache_misses": 5,
      "tier_distribution": {
        "2": 1,
        "1": 3,
        "3": 1
      },
      "total_cost": 4.5900000000000004e-05,
      "avg_latency_ms": 562.5682499999997,
      "min_latency_ms": 216.45033299999915,
      "max_latency_ms": 1055.9277920000004,
      "p50_latency_ms": 550.3900419999983,
      "p95_latency_ms": 1055.9277920000004,
      "p99_latency_ms": 1055.9277920000004,
      "cache_hit_rate": 0.0
    },
    "moderate": {
      "category": "moderate",
      "total_queries": 5,
      "latencies_ms": [
        1214.8799170000011,
        825.5102920000006,
        1630.1141249999987,
        1905.2680839999994,
        1293.5171659999992
      ],
      "cache_hits": 0,
      "cache_misses": 5,
      "tier_distribution": {
        "4": 2,
        "1": 1,
        "2": 2
      },
      "total_cost": 0.0002594,
      "avg_latency_ms": 1373.8579167999997,
      "min_latency_ms": 825.5102920000006,
      "max_latency_ms": 1905.2680839999994,
      "p50_latency_ms": 1293.5171659999992,
      "p95_latency_ms": 1905.2680839999994,
      "p99_latency_ms": 1905.2680839999994,
      "cache_hit_rate": 0.0
    },
    "complex": {
      "category": "complex",
      "total_queries": 5,
      "latencies_ms": [
        1955.154499999999,
        1964.9230410000023,
        2155.118166000001,
        4296.825666,
        3429.7680830000027
      ],
      "cache_hits": 0,
      "cache_misses": 5,
      "tier_distribution": {
        "5": 2,
        "4": 2,
        "3": 1
      },
      "total_cost": 0.0002244,
      "avg_latency_ms": 2760.357891200001,
      "min_latency_ms": 1955.154499999999,
      "max_latency_ms": 4296.825666,
      "p50_latency_ms": 2155.118166000001,
      "p95_latency_ms": 4296.825666,
      "p99_latency_ms": 4296.825666,
      "cache_hit_rate": 0.0
    },
    "code": {
      "category": "code",
      "total_queries": 5,
      "latencies_ms": [
        1724.9868340000028,
        3928.9591249999985,
        1014.8854590000055,
        3816.5189999999993,
        3727.2230419999987
      ],
      "cache_hits": 0,
      "cache_misses": 5,
      "tier_distribution": {
        "4": 2,
        "5": 3
      },
      "total_cost": 0.00023950000000000002,
      "avg_latency_ms": 2842.5146920000007,
      "min_latency_ms": 1014.8854590000055,
      "max_latency_ms": 3928.9591249999985,
      "p50_latency_ms": 3727.2230419999987,
      "p95_latency_ms": 3928.9591249999985,
      "p99_latency_ms": 3928.9591249999985,
      "cache_hit_rate": 0.0
    }
  },
  "cache_results": {
    "original_queries": 10,
    "similar_queries_per_original": 3,
    "original_latencies": [
      4290.2237079999995,
      6265.420499999997,
      5934.908332999996,
      6137.4496660000095,
      3026.839292000005,
      5984.290624999986,
      2960.4019159999953,
      6253.466457999992,
      2939.1215419999808,
      6051.122458999998
    ],
    "similar_latencies": [
      1647.3604580000015,
      4989.731542000001,
      3106.574375000001,
      2582.3774169999892,
      6102.1705,
      5962.866207999994,
      2939.2661250000033,
      2666.1245000000094,
      5336.009582999992,
      2725.100624999996,
      6323.314583999988,
      2705.975874999993,
      2478.911584000002,
      2625.061958999993,
      3084.9256249999967,
      6203.179417000001,
      6653.52120899999,
      7030.431458999999,
      6112.977415999978,
      6146.645290999999,
      2969.338832999995,
      6195.114750000016,
      2565.8593340000098,
      6135.0795419999995,
      2517.7595419999934,
      2949.547667000019,
      2524.5675829999927,
      6005.277750000005,
      5997.271541999993,
      2633.114166000013
    ],
    "cache_hits_on_similar": 0,
    "similar_cache_hit_rate": 0.0,
    "avg_original_latency": 4984.324449899996,
    "avg_similar_latency": 4263.848548699999,
    "speedup_factor": 1.1689731454977832
  },
  "routing_results": {
    "total_tests": 7,
    "correct_routing": 5,
    "routing_details": [
      {
        "query": "Hi",
        "description": "greeting",
        "expected_tier": 1,
        "actual_tier": 1,
        "correct": true
      },
      {
        "query": "What is 2+2?",
        "description": "simple math",
        "expected_tier": 1,
        "actual_tier": 1,
        "correct": true
      },
      {
        "query": "What is Python?",
        "description": "basic factual",
        "expected_tier": 2,
        "actual_tier": 5,
        "correct": false
      },
      {
        "query": "Explain machine learning",
        "description": "explanation",
        "expected_tier": 2,
        "actual_tier": 3,
        "correct": true
      },
      {
        "query": "Compare Python and Java",
        "description": "comparison",
        "expected_tier": 3,
        "actual_tier": 5,
        "correct": false
      },
      {
        "query": "Write a binary search in Pytho...",
        "description": "code simple",
        "expected_tier": 3,
        "actual_tier": 4,
        "correct": true
      },
      {
        "query": "Implement a transformer attent...",
        "description": "code complex",
        "expected_tier": 4,
        "actual_tier": 5,
        "correct": true
      }
    ],
    "accuracy": 0.7142857142857143
  },
  "swift_stats": {
    "metrics": {
      "total_queries": 67,
      "cache_hits": 0,
      "cache_hit_rate": 0.0,
      "avg_latency_ms": 3683.1496026417904,
      "p50_latency_ms": 2969.338832999995,
      "p95_latency_ms": 6265.420499999997,
      "p99_latency_ms": 7030.431458999999,
      "tier_distribution": {
        "2": 6,
        "1": 18,
        "3": 8,
        "4": 22,
        "5": 13
      },
      "total_cost": 0.0024687000000000008,
      "avg_cost_per_query": 3.684626865671643e-05,
      "avg_confidence": 0.713001211853419,
      "escalation_rate": 0.7313432835820896
    },
    "router": {
      "total_routes": 67,
      "cache_routes": 0,
      "tier_distribution": {
        "1": 32,
        "2": 10,
        "3": 25,
        "4": 0
      },
      "cache_route_rate": 0.0,
      "tier_1_pct": 0.47761194029850745,
      "tier_2_pct": 0.14925373134328357,
      "tier_3_pct": 0.373134328358209,
      "tier_4_pct": 0.0
    }
  }
}